,Bedrooms,Bathrooms,Area,Price,Locality
0,3,2,1800,34000,"BhagyalaxmiNagar,Kavadiguda"
1,3,2,2500,45000,"Gachibowli,OuterRingRoad"
2,1,2,1477,18000,Gachibowli
3,3,2,2160,41000,"Moosapet,NH"
4,3,2,1580,23000,RaghavendraColonykondapur
5,3,2,2600,50000,"BanjaraDarwaja,GolcondaFort"
6,3,1,1350,32000,"MohansSaiSignature,Nanakramguda"
7,3,1,1477,13000,Gowlidoddy
8,3,2,1700,35000,"Somajiguda,NH"
9,3,1,1150,11000,Kapra
10,3,2,1330,19000,"TilakNagar,NewNallakunta,NH"
11,3,1,1836,30000,"Neknampur,Manikonda,OuterRingRoad"
12,3,2,1540,18000,"MayuriNagar,Miyapur"
13,3,1,1720,30000,"AccurateWindChimes,Narsingi,OuterRingRoad"
14,3,2,1950,31000,"HyderNagar,NH"
15,3,3,2075,49000,"VajrasJasmineCounty,Financialdistrictgucchibowli"
16,3,2,2500,38000,"TirumalaGardens,BanjaraHills,NH"
17,2,3,1080,18000,"ParagonVenkatadriApartments,Kachiguda,NH"
18,3,2,1500,26000,"MeenakshiHomes,Miyapur,NH"
19,3,3,2150,25000,Papulguda
20,2,1,1350,12000,"Bachupally,OuterRingRoad"
21,3,1,1198,34000,NanakramGuda
22,3,1,2100,39000,"L&TSereneCounty,Gachibowli,OuterRingRoad"
23,3,1,1875,37000,"SMPlaza,ECIL"
24,3,2,1200,13000,"ChattaBazaar,PatharGatti"
25,2,2,1296,35000,"LodhaMeridian,KukatpallyHousingBoardColony,NH"
26,2,2,1100,45000,HitechCity
27,3,2,2000,38000,"BanjaraHills,NH"
28,3,2,2020,45000,"Gachibowli,OuterRingRoad"
29,2,1,1200,35000,Mehindipatnam
30,3,2,1640,35000,"YMCACircle,Narayanguda"
31,3,2,1640,35000,"YMCACircle,Narayanguda"
32,3,3,1870,41000,"VajrasJasmineCounty,Gachibowli,OuterRingRoad"
33,3,2,1600,25000,JubileeHills
34,3,1,1650,25000,Kondapur
35,3,2,1477,27000,Kondapur
36,2,2,1260,19000,Kondapur
37,3,2,1920,35000,"GolfView,Gachibowli,OuterRingRoad"
38,3,1,1250,18000,DevanDevdi
39,3,2,1818,41000,"LodhaCasaParadiso,SanathNagar,NH"
40,3,2,2130,24000,"SrilaParkPride,Kukatpally,NH"
41,3,1,1800,35000,"GudiMalkapur,Mehdipatnam"
42,3,2,1555,30000,"Bachupally,OuterRingRoad"
43,1,2,1477,23000,"BanjaraBaseraApartment,BanjaraHills,NH"
44,2,2,1200,16000,KPHB
45,3,2,1600,20000,"Dullapally,NH"
46,2,2,1296,12000,"VSRCelestialTowers,Gajularamaram"
47,3,2,2072,28000,"Jeedimetla,NH"
48,3,3,1460,17000,"VasanthNagarColony,Nizampet"
49,3,2,1900,45000,"Nallagandla,Serilingampally"
50,2,1,950,15500,BrindavanColony-ToliChowki
51,2,1,1100,16000,WestMarredpally
52,2,1,1563,20000,"PBELCity,Appajunction"
53,3,2,1990,36000,"AdityaEmpressTowers,Shaikpet"
54,3,2,2051,45000,"PrestigeIvyLeague,Phase"
55,1,1,1477,9800,Shri
56,3,1,1260,20000,"Upparpally,HyderabadExpressway"
57,2,2,1075,15000,"Gangaram,Chandanagar,NH"
58,3,3,2100,30000,"SrinivasNagar,RhodaMistriNagar"
59,3,2,2000,35000,"VasanthNagarColony,Nizampet"
60,3,1,1600,36000,Madhapur
61,3,1,1360,13000,"Annojiguda,NH"
62,3,1,2025,35000,"Neknampur,Manikonda,OuterRingRoad"
63,3,3,1860,22000,"NGRI,Secunderabad"
64,3,2,1500,25000,"Chandanagar,NH"
65,2,2,1160,30000,"SamathaNagar,Kukatpally,NH"
66,3,2,1400,17500,BandlagudaJagir
67,3,1,1380,44000,"JainsCarltonCreek,Gachibowli,OuterRingRoad"
68,3,2,1800,24000,"Kukatpally,NH"
69,3,2,2000,43000,"AdityaImperialHeights,Hafeezpet,NH"
70,3,2,1800,35000,"Nallagandla,Serilingampally"
71,3,1,1620,25000,Gajularamaram
72,3,3,2200,25000,"Ramanthapur,NH"
73,3,2,1810,30000,"ALINDEmployeesColony,Serilingampally"
74,3,2,1510,12000,"ARKHomes,Bolarum,MedchalRoad"
75,4,2,2800,50000,"Kokapet,OuterRingRoad"
76,3,2,1908,48000,"SMRVinayIconia,Kondapur"
77,3,2,1705,30000,HitechCity
78,2,2,900,19000,Papulguda
79,3,2,1690,38000,"MyHomeVihanga,Gachibowli,OuterRingRoad"
80,3,1,1600,35000,"AdityaEmpressTowers,Shaikpet"
81,2,1,800,10000,Attapur
82,3,2,1360,14000,BalajiHillsColony
83,2,1,1200,29000,"GreenSpaceHillPark,Manikonda,OuterRingRoad"
84,2,1,1200,17000,Puppalaguda
85,3,1,1580,16000,"GKPride,Yapral"
86,2,2,900,15000,Mehdipatnam
87,3,2,1230,17000,Nizampet
88,2,2,1050,18000,"Kavadiguda,NH"
89,2,2,1265,9000,"Gundlapochampally,OuterRingRoad"
90,2,2,1500,16000,EastMarredpally
91,3,2,1400,21000,"SiliconRidge,Attapur"
92,3,1,1550,13000,"GksHabitatRoyale,Yapral"
93,2,1,1100,17000,Attapur
94,2,2,970,17000,"GreenSpaceResidency,Gajularamaram"
95,3,1,1650,41000,"LacasaKApartments,BanjaraHills,NH"
96,3,2,1630,30000,Gopanapalli
97,3,1,1738,48000,Kondapur
98,3,1,1834,41000,"MyHomeAvatar,Narsingi,OuterRingRoad"
99,3,1,1477,24000,"RamkyOneMarvel,Kukatpally,NH"
100,2,1,1250,18000,"GoldenHeightsColony,Janachaitanyacolony,HyderabadExpressway"
101,2,1,1314,30000,"MyHomeAvatar,Narsingi,OuterRingRoad"
102,3,3,3250,36000,"Floatilla,Manikonda,OuterRingRoad"
103,4,1,2200,50000,"AshokaLiviano,Gachibowli,OuterRingRoad"
104,3,1,1360,15000,"ModiEmeraldHeights,Pocharam,NH"
105,3,1,1460,30000,Shamshabad
106,3,2,1150,18000,RoyalColony-RamBaghColony
107,3,2,2000,25000,"AnjaneyanagarColony,Boduppal"
108,2,1,900,9500,Bairagiguda
109,3,3,1600,27000,WestMarredpally
110,3,2,1477,36000,KavuriHills
111,3,1,1369,45000,MasabTank
112,3,4,2580,48000,Whitefields
113,3,2,2259,45000,"LodhaMeridian,KukatpallyHousingBoardColony,NH"
114,3,3,1800,32000,"Khairatabad,NH"
115,2,1,1314,33000,"MyHomeAvatar,Myhomeavatar"
116,2,1,890,8000,Medipally
117,3,1,1843,41000,"MyHomeAvatar,Narsingi,OuterRingRoad"
118,3,2,1650,25000,"OldNallakunta,NewNallakunta"
119,3,2,1200,12000,"ParamountResidency,Nagaram"
120,3,1,1477,18000,"Sadbhavana,Ghatkesar,NH"
121,3,2,1100,13000,"JanapriyaLakefront,Sainikpuri"
122,3,2,2000,25000,SuchitraCircle
123,3,2,2540,38000,"NCCUrbanOne,Narsingi,OuterRingRoad"
124,2,2,1150,16000,"GandhiNagar,Kavadiguda,NH"
125,2,1,1250,10500,"Beeramguda,RamachandraPuram,NH"
126,3,2,2200,41000,GachibowliPhase
127,2,2,1120,19000,"BasheerBagh,NH"
128,3,2,1608,20000,"Manchirevula,OuterRingRoad"
129,3,2,2000,20000,OsmanNagar
130,2,1,1200,26000,"Ameerpet,NH"
131,2,2,1000,20000,BandariLayout
132,2,1,1100,18500,"AlHasnathColony,ToliChowki"
133,2,1,950,35000,Shaikpet
134,3,1,1900,41000,"NCLSindhu,DandamudiEnclave,Jeedimetla"
135,3,2,2045,30000,Shaikpet
136,3,2,1800,41000,"Nallagandla,Serilingampally"
137,3,1,1368,21000,Gajularamaram
138,3,3,1477,18000,Gowlidoddy
139,3,2,1500,32500,"KukatpallyHousingBoardColony,NH"
140,3,2,1450,32000,"KavuriHills,Madhapur"
141,3,2,2347,45000,"SMRVinayIconia,Kondapur"
142,3,3,2800,45000,"TrendsetWinz,Gachibowli,OuterRingRoad"
143,3,1,1650,41000,"Gachibowli,OuterRingRoad"
144,3,2,1865,31500,"InduFortuneFieldsapartments,HitechCity"
145,3,2,2200,24000,"OldMalakpet,NH"
146,3,2,3000,45000,"Hafeezpet,NH"
147,2,2,1000,13000,"TempleAlwal,Secunderabad,SiddipetRoad"
148,2,1,1300,20000,"Punjagutta,NH"
149,2,2,1300,18000,"SamathaNagar,Kukatpally,NH"
150,3,1,1375,45000,"LancoHills,Manikonda,OuterRingRoad"
151,3,1,1800,20000,"Narsingi,OuterRingRoad"
152,3,2,2000,36000,"Domalguda,HimayathNagar,NH"
153,3,2,1600,22000,"NCLGanga,Kompally"
154,3,2,2100,23000,"PragathiNagar-Ramanthpur,NH"
155,3,3,1789,15500,"Saket,Secunderabad"
156,3,1,1450,12000,Sainikpuri
157,4,3,3380,45000,"NCCUrbanOne,Narsingi,OuterRingRoad"
158,3,1,2000,35000,"Lakdikapul,NH"
159,2,3,1100,15000,VidyaNagar
160,3,1,1690,32000,"AparnaHillparkGardenia,Chandanagar,NH"
161,3,2,1750,22000,"KalyanPuri,Secunderabad"
162,2,3,1050,27000,NehruNagar-WestMarredpally
163,2,2,800,10000,SangareddyDistrict
164,2,1,1070,22000,"SamataColony,ToliChowki"
165,3,1,1252,12000,Dammaiguda
166,3,3,1150,16000,"TilakNagar,NewNallakunta,NH"
167,3,2,2400,22000,"Tellapur,OuterRingRoad"
168,3,2,1590,39000,"AdityaImperialHeights,Hafeezpet,NH"
169,3,2,1700,18000,Karwansahu
170,3,3,1550,50000,NewMallepally
171,2,1,1314,33000,"MyHomeAvatar,Narsingi,OuterRingRoad"
172,3,2,1000,18500,MayurMarg
173,3,3,1950,48000,NanakramGuda
174,4,2,4000,25000,"SaptagiriColony,Kukatpally,NH"
175,2,2,1477,15000,Sangareddy
176,2,2,1000,14000,"DilsukhNagar,NH"
177,3,3,1630,20000,"Alkapuri,LBNagar,NH"
178,2,2,1050,27000,Madhapur
179,2,2,915,15000,"Vidyanagar,Adikmet"
180,2,2,1200,14000,"Champapet,Koti"
181,3,2,1144,16500,"NirmalaRatnaApartment,Gangaram,Chandanagar,NH"
182,3,1,1660,29000,"MotiNagar-Erragadda,NH"
183,3,2,1198,41000,"MantriCelestia,Gachibowli,OuterRingRoad"
184,2,2,1200,17500,MasabTank
185,3,2,1655,16000,"HyderNagar,NH"
186,3,1,2000,30000,"KhajaGuda,OuterRingRoad"
187,3,3,2003,25000,"PearlCelestial,Kokapet,OuterRingRoad"
188,3,2,1600,24000,"VertexPleasant,Kukatpally,NH"
189,3,2,2500,35000,"BanjaraHills,NH"
190,3,2,2000,41000,"KavuriHills,Madhapur"
191,3,2,1477,42000,AparnaSerenePark
192,3,2,1570,22000,"DaisyClassic,Kukatpally,NH"
193,2,2,1380,23000,"SMRVinayHarmonyCounty,Appajunction"
195,3,2,1800,27000,"DeLitePowerWelfareSociety,Narsingi,OuterRingRoad"
196,2,1,1095,12500,Gajularamaram
197,2,1,1477,12500,"SunCity,Bandlaguda,ChevellaRoad"
198,2,2,1000,12000,Gudimalkapur
199,3,2,1260,18000,Tarnaka
200,3,2,1800,25000,Appajunction
201,3,2,1610,25000,RaghuramA
202,3,2,1495,23000,"SMRVinayCity,Miyapur,NH"
203,3,2,1300,16000,Nizampet
204,3,3,2600,38000,"Yousufguda,NH"
205,3,2,1265,18500,"Chandanagar,NH"
206,3,1,2285,50000,"LumbiniAvenue,Gachibowli,OuterRingRoad"
207,3,2,1425,22000,"Kokapet,OuterRingRoad"
208,3,3,2200,31000,Kothaguda
209,3,1,1840,38000,"GachibowliCUC,OuterRingRoad"
210,3,2,1525,25000,"Hafeezpet,NH"
211,3,1,1477,10000,"KukatpallyHousingBoardColony,NH"
212,2,2,1250,16500,Attapur
213,1,2,1477,13000,LakshmiNagarColony-HanumanNagarColony
214,1,1,1477,25000,Gachibowli
215,3,2,2259,50000,"LodhaMeridian,KPHBPhase"
216,2,1,1365,36000,"MagnamOpus,Gachibowli,OuterRingRoad"
217,2,1,1314,30000,"MyHomeAvatar,Narsingi,OuterRingRoad"
218,3,2,1925,32000,"SMRVinayFountainhead,Hyderabad"
219,2,2,800,10000,"BaghAmberpet,Amberpet,NH"
220,2,1,1400,16000,Attapur
221,3,2,1600,19000,"AakritiHoneydew,Tellapur,OuterRingRoad"
222,3,2,1500,17500,"Kukatpally,NH"
223,3,2,1800,20000,"HillCountyTownship,Bachupally,OuterRingRoad"
224,2,1,810,13000,Serilingampally
225,2,2,1450,26000,"ProjectGoldenHabitat,Madhapur"
226,3,3,2192,41000,"WesternExoticaProject,Kothaguda"
227,3,3,1800,26000,"AdityaImperialHeights,Hafeezpet,NH"
228,3,1,1400,18000,Haripuricolony
229,2,1,768,15000,"Manikonda,OuterRingRoad"
230,3,1,1700,15000,Aminpur
231,4,2,2800,50000,"BanjaraHills,NH"
232,3,3,1740,18000,"APSEBColony,Hastinapuram"
233,3,3,1575,18000,"SilverSpring,Narsingi,OuterRingRoad"
234,2,2,1250,10000,"Bachupally,OuterRingRoad"
235,2,1,1100,13000,Attapur
236,2,2,1800,25000,"BhavyasAkhilaExotica,Kukatpally,NH"
237,3,1,1700,15000,"SriMahalakshmiResidency,Attapur"
238,2,1,850,18000,"Lakdikapul,NH"
239,3,2,1650,24000,"SriNainasSunrise,Manikonda,OuterRingRoad"
240,2,1,1200,17000,Balkampet
241,2,2,1000,16500,Puppalaguda
242,3,3,2192,45000,"WesternExoticaProject,Kothaguda"
243,3,2,1525,23000,"APGOsCoopHSGSociety,Hafeezpet"
244,2,1,1150,14000,ToliChowki
245,3,3,1775,23000,Hyderaguda-Attapur
246,3,2,1490,25000,"InfocityExcellenceandElegance,Nallagandla,Serilingampally"
247,3,2,1450,25000,Mehdipatnam
248,3,2,1200,15000,"AparnaKanopyTulip,Kompally"
249,3,2,1870,35000,"SumukhiOrbit,Madhapur"
250,3,1,1756,34000,"ProjectHillRidgeSprings,Gachibowli,OuterRingRoad"
251,3,1,1500,26000,"GayatriHills,JubileeHills"
252,3,1,1360,15000,"EmeraldHeights,Nizampet"
253,2,2,1160,16000,"NewDilshukhNagar,NH"
254,3,2,1450,14000,MaruthiNagar
255,2,1,950,10000,"Hayathnagar,NH"
256,3,1,2200,35000,Kondapur
257,2,1,670,10500,"Quthbullapur,NH"
258,4,1,3000,36000,Puppalaguda
259,2,2,1200,18000,Puppalaguda
260,3,2,1933,18000,"ModiSplendour,Kukatpally,NH"
261,3,2,2200,26000,Attapur
262,3,1,1933,18000,"ModiSplendour,Kukatpally,NH"
263,2,1,900,10200,"Quthbullapur,NH"
264,2,1,900,14500,Borabanda
265,3,2,1650,18000,"Miyapur,NH"
266,3,2,1850,23000,"Manikonda,OuterRingRoad"
267,3,2,1650,36000,"AshokaLiviano,Gachibowli,OuterRingRoad"
268,4,2,2000,25000,"AlHasnathColony,ToliChowki"
269,2,1,1477,9000,Narapally
270,3,2,1690,45000,"GachibowliCUC,OuterRingRoad"
271,2,2,1100,13000,"NewBowenpally,NH"
272,3,1,1850,30000,Shaikpet
273,3,2,1925,25000,"Hafeezpet,NH"
274,3,1,1600,17000,UppalMetro
275,3,2,1750,17000,Bowenpally
276,3,2,1700,20000,Nizampet
277,3,2,1782,35000,"ITHeights,KhajaGuda,OuterRingRoad"
278,3,2,1450,15000,Bowenpally
279,2,1,954,10000,"ModiEmeraldHeights,Pocharam,NH"
280,3,2,1933,16000,"ModiSplendour,Gajularamaram"
281,3,2,1700,32000,"PranavSuryaPlanet,Kothaguda"
282,2,1,1008,14000,"Miyapur,NH"
283,2,1,1100,15000,"Chandanagar,NH"
284,2,1,1140,8500,"Lalaguda,Secunderabad"
285,1,2,1477,8000,"LBNagar,NH"
286,3,1,1350,10000,"SriSaiRamResidency,Beeramguda,RamachandraPuram,NH"
287,2,1,900,15000,GayathriNagar
288,3,1,1745,29000,"ConcretePalazzo,Nacharam"
289,2,2,1180,19500,"SilverNestArcade,Narayanguda"
290,2,1,1314,35000,"MyHomeAvatar,Narsingi,OuterRingRoad"
291,2,2,1280,30000,Narayanguda
292,3,1,1490,30000,"AdityaImperialHeights,Hafeezpet,NH"
293,3,2,1500,18000,NewNallakunta
294,2,1,1278,33000,"LodhaMeridian,KukatpallyHousingBoardColony,NH"
295,2,2,1600,35000,"BanjaraHills,NH"
296,3,1,1545,35000,"VajrasJasmineCounty,Gachibowli,OuterRingRoad"
297,3,1,2430,41000,"SMRVinayIconia,Kondapur"
298,3,2,1834,40400,"MyHomeAvatar,Narsingi,OuterRingRoad"
299,2,2,1100,17000,"KrishnaGiriEnclave,Secunderabad"
300,3,1,1738,48000,"PrestigeIvyLeague,HitechCity"
301,3,1,2440,48000,"JayabheriOrangeCounty,Gachibowli,OuterRingRoad"
302,3,3,1490,22000,"JanapriyaUtopiaII,Upparpally,HyderabadExpressway"
303,3,2,2690,41000,"SRISAIRAMTowers,Hafeezpet,NH"
304,2,2,1000,18000,ShivamRd
305,2,1,1000,16000,"KukatpallyHousingBoardColony,NH"
306,2,1,1100,20000,Kondapur
307,3,2,1477,44000,Hitech
308,1,2,1477,6500,Vidyanagar
309,3,2,1800,45000,"GolfView,Gachibowli,OuterRingRoad"
310,3,3,2265,41000,"RainbowVistasRockGardens,HitechCity"
311,3,2,1477,30000,Kondapur
312,2,1,1150,17000,"GayatriHills,JubileeHills"
313,3,2,1477,25000,West
314,2,2,1260,25000,"AyyappaSociety,Madhapur"
315,3,2,1558,28000,"InduFortuneFieldsapartments,HitechCity"
316,2,2,1345,20000,Kondapur
317,3,1,1380,15000,Dammaiguda
318,2,2,1100,20000,"BasheerBagh,NH"
319,3,1,2300,45000,MasjidBanda
320,3,1,1650,30000,"Rethibowli,Mehdipatnam"
321,3,1,1545,35000,"VajrasJasmineCounty,FinancialDistrict,NanakramGuda"
322,1,1,1477,13000,Kondapur
323,1,1,1477,10000,Kondapur
324,2,1,1477,20000,"HemadurgaTowers,Miyapur,NH"
325,3,3,1477,44000,RajapushpaAtria
326,2,2,1477,31000,AparnaCyberCommune
327,2,2,1295,30000,"AparnaSerenePark,MasjidBanda"
328,2,1,1262,41000,"Ashvita,HitechCity"
329,3,3,1600,31000,"AparnaCyberZon,Nallagandla,Serilingampally"
330,3,2,2345,36000,"ACEAtlantis,KhajaGuda,OuterRingRoad"
331,2,4,1100,29000,JubileeHills
332,3,2,1550,23000,Narayanguda
333,1,1,1477,15000,Kothaguda
334,3,2,1477,41000,AdityaEmpressTowers
335,3,3,1800,28000,"AdityaImperialHeights,Hafeezpet,NH"
336,3,2,2500,35000,HitechCity
337,3,2,1854,45000,"LodhaMeridian,Kukatpally,NH"
338,3,2,2350,50000,"NagarjunaResidency,PJanardhanReddyNagar,Gachibowli,OuterRingRoad"
339,3,3,2400,45000,"ApurupaAvenue,KavuriHills,Madhapur"
340,3,1,1485,23000,Kondapur
341,2,1,900,16000,"BanjaraHills,NH"
342,4,3,2550,38000,"Ameerpet,NH"
343,3,2,2160,42000,"MyHomeVihanga,Gachibowli,OuterRingRoad"
344,3,2,1628,26000,"PBELCity,Appajunction"
345,3,3,1477,10000,
346,3,1,2200,50000,"AparnaAura,JubileeHills"
347,4,2,2300,50000,"JainsCarltonCreek,Gachibowli,OuterRingRoad"
348,3,2,2400,48000,"RamkyTowersElite,Madhapur"
349,3,3,1600,25000,"ShanthiNagar-Kukatpally,NH"
350,3,2,1800,22000,"SanjeevaReddyNagar,NH"
351,3,1,1300,25000,"SuryaNagar,ToliChowki"
352,3,2,1834,41000,"Gachibowli,OuterRingRoad"
353,2,1,1250,18000,WestMarredpally
354,2,1,1200,17000,"SamataColony,ToliChowki"
355,3,2,2200,50000,"BanjaraHills,NH"
356,3,2,1504,18000,"Manikonda,OuterRingRoad"
357,3,2,1900,45000,Kondapur
358,3,1,1615,45000,"AparnaSerenePark,Kondapur"
359,2,3,907,18000,"SolankiGulmohar,BrahmanWadi,Begumpet"
360,2,2,1233,17500,Attapur
361,3,2,2000,14000,"Saroornagar,NH"
362,2,1,1800,15000,FortViewColony
363,3,1,2092,35000,"MorningRaga,AlkapurTownship,Manikonda,OuterRingRoad"
364,1,1,1477,7500,"Uppal,NH"
365,3,1,1210,13000,Nagaram
366,2,1,6000,17000,"Chandanagar,NH"
367,3,3,1650,25000,"SuryaSravanthiApartment,Kothaguda"
368,2,2,1140,15000,"LotusAvenues,Miyapur,NH"
369,3,2,1650,12000,"Saroornagar,NH"
370,2,1,1217,30000,"Kokapet,OuterRingRoad"
371,2,1,1350,39000,"Kokapet,OuterRingRoad"
372,2,2,1230,26000,PoliceColony-Kondapur
373,3,1,1685,30000,"RajapushpaAtria,Kokapet,OuterRingRoad"
374,3,2,1800,18000,BandlagudaJagir
375,2,2,1514,20000,"Jeedimetla,NH"
376,3,2,1450,15000,"Bachupally,OuterRingRoad"
377,2,1,1200,20000,"DurgabaiDeshmukhColony,Amberpet"
378,3,2,1655,30000,"Nallagandla,Serilingampally"
379,2,1,1413,13000,"Malakpet,NH"
380,2,2,1010,28500,"MalaysianTownship,Kukatpally,NH"
381,2,2,1477,14500,IDPLColony
382,3,2,1500,28000,"Hafeezpet,NH"
383,3,1,1685,27000,"AccurateWindChimes,Narsinghi"
384,2,2,1477,8500,"Beeramguda,RamachandraPuram,NH"
385,3,3,1024,30000,"AdityaImperialHeights,Hafeezpet,NH"
386,3,2,1685,45000,"Gachibowli,OuterRingRoad"
387,3,2,1600,30000,"Manikonda,OuterRingRoad"
388,3,1,2050,36000,"AdityaGardenia,BanjaraHills,NH"
389,2,2,1314,30000,"MyHomeAvatar,Narsingi,OuterRingRoad"
390,1,2,1477,8000,Charminar
391,3,2,1410,20000,"SMRVinayHarmonyCounty,Appajunction"
392,3,1,1850,36000,"AdityaGardenia,BanjaraHills,NH"
393,3,1,1477,30000,"AdityaImperialHeights,Hafeezpet,NH"
394,1,1,1477,15000,Kondapur
395,2,2,1200,14000,Musheerabad
396,3,1,1525,25000,FriendsColony
397,2,3,1150,18000,khairtabad
398,2,2,1650,15000,"GoldenHeightsColony,Janachaitanyacolony,HyderabadExpressway"
399,2,1,1200,13000,Chilakalguda
400,3,2,1580,50000,"Habsiguda,NH"
401,2,1,950,8500,"BNReddyNagar,NagarjunaSagarRoad"
402,3,2,1678,16000,"Upparpally,HyderabadExpressway"
403,2,2,1175,12000,"Anandbagh,Secunderabad,MoulaAliRoad"
404,1,1,1477,7000,Langar
405,3,2,1632,25000,"LBNagar,NH"
406,2,1,1000,15000,"LangarHouseSouth,HyderabadExpressway"
407,4,1,1650,23000,ToliChowki
408,3,1,1690,37000,"MyHomeVihanga,Gachibowli,OuterRingRoad"
409,1,1,1477,15000,"MythriNagar,Hafeezpet,NH"
410,3,1,1900,26000,"HillCountyTownship,Bachupally,OuterRingRoad"
411,3,1,1648,24000,"TNRSulakshna,LBNagar,NH"
412,3,2,1570,17000,"ManasaVensaAshraya,Saroornagar,NH"
413,3,1,1490,30000,"AdityaImperialHeights,Hafeezpet,NH"
414,4,3,2675,50000,"AshokaLiviano,PJanardhanReddyNagar,Gachibowli,OuterRingRoad"
415,3,3,1660,26000,"EastOakLuxuryApartments,Pocharam,NH"
416,3,2,1490,35000,"AdityaImperialHeights,Hafeezpet,NH"
417,2,1,650,8500,"LIGApartments,Kukatpally,NH"
418,3,2,1550,41000,Narayanguda
419,2,1,1200,15000,"DeviBagh,Bahadurpura"
420,3,2,1410,23000,"Tellapur,OuterRingRoad"
421,2,1,1200,21000,"Sriramnagar,Kothaguda"
422,3,2,1530,28000,"VazhraaNirmaanPushpak,Nizampet"
423,2,1,1500,25000,P&TColony
424,3,1,1725,30000,"HonerVivantis,Nalagandala"
425,3,2,1477,15000,SriMahalakshmiResidency
426,3,1,1800,41000,Attapur
427,3,3,1520,28000,WestMarredpally
428,2,1,1600,11500,Almasguda
429,3,1,1350,15000,"SunCity,Bandlaguda,ChevellaRoad"
430,3,2,2200,50000,"WhistlingWoods,Kokapet,OuterRingRoad"
431,2,1,1200,25000,ToliChowki
432,2,2,1500,30500,"KhajaGuda,OuterRingRoad"
433,3,2,1643,25000,"RVKaustubha,Kompally"
434,3,2,1505,41000,"AparnaSerenePark,Kondapur"
435,2,1,1050,8000,"Bachupally,OuterRingRoad"
436,3,2,1477,41000,VajrasJasmineCounty
437,3,3,1600,22000,"AdvocatesColony,HimayathNagar"
438,2,2,1050,28000,PoliceColony-Kondapur
439,3,2,1920,27000,"HyderNagar,NH"
440,3,2,1300,15000,Gajularamaram
441,3,2,1550,16000,MADEENAGUDA
442,2,2,1275,20000,"Madinaguda,Hafeezpet,NH"
443,2,2,1200,30000,"PJanardhanReddyNagar,Gachibowli,OuterRingRoad"
444,2,2,1200,28000,"AlkapurTownship,Manikonda,OuterRingRoad"
445,3,2,1525,23000,"SMRSowmya,WestMarredpally"
446,2,1,1100,26000,ToliChowki
447,3,1,1500,15000,"BommarilluHomes,MadhuraNagar-Nizampet"
448,3,2,1800,17500,"SapthagiriEnclave,Bachupally,OuterRingRoad"
449,3,2,1250,24000,"MalaysianTownship,Kukatpally,NH"
450,2,2,1314,30000,"Narsingi,OuterRingRoad"
451,4,2,1850,38000,Begumpet
452,2,2,1314,30000,"MyHomeAvatar,Narsingi,OuterRingRoad"
453,3,2,1475,15000,SivajiNagar-Chandanagar
454,2,1,1090,30000,"Lakdikapul,NH"
455,2,2,150,9000,"Uppal,NH"
456,3,2,1400,25000,"DundooClassicTower,Boiguda"
457,3,2,1365,15000,"JaiJawaharNagar,Secunderabad"
458,2,2,970,12000,Ashgoli
459,2,1,1150,12000,Adibatla
460,3,2,1477,25000,Kondapur
461,3,1,1350,18000,ToliChowki
462,2,1,900,16000,"Hafeezpet,NH"
463,3,2,1550,19500,"MayflowerHeights,Mallapur"
464,3,2,1100,9500,"Bandlaguda,Nagole,SrisailamHighway"
465,2,2,1000,14000,"Gangaram,Chandanagar,NH"
466,3,3,1870,42000,"VajrasJasmineCounty,Gachibowli,OuterRingRoad"
467,3,3,2535,30000,"PatelsBrightView,Yapral"
468,3,2,1500,27000,"Secunderabad,RashtrapatiROAd"
469,3,3,1654,16000,"VSRCelestialTowers,Gajularamaram"
470,3,5,2300,28000,"SMRVinayHarmonyCounty,Appajunction"
472,3,1,2630,45000,"HallmarkKSNResidency,Kondapur"
473,3,2,1800,45000,"VittalRaoNagar,HitechCity"
474,2,1,1275,20000,"NCLSindhu,SatyamEnclave,Komapally,NH"
475,2,2,1100,11000,"ManovikasNagar,Secunderabad,NH"
476,3,2,1834,41000,"MyHomeAvatar,Narsingi,OuterRingRoad"
477,3,2,1533,28000,"Ramanthapur,NH"
478,3,2,1250,18000,"PragathiNagar,Kukatpally"
479,4,1,1500,9000,"Bandlaguda,Nagole,SrisailamHighway"
480,2,2,900,8000,Patelguda
481,2,2,950,11000,SuchitraRoad
482,3,3,1555,32000,"Hafeezpet,NH"
483,3,2,1600,26000,"GreenFieldColony,Secunderabad"
484,2,1,1101,14500,"Bachupally,OuterRingRoad"
485,3,3,2800,45000,NearGachibowliFinancilDist.
486,3,3,1400,16500,"MoulaAli,MoulaAliRoad"
487,3,3,2200,50000,Gachibwoli(ORRjunction)
488,2,1,1314,36000,"MyHomeAvatar,Narsingi,OuterRingRoad"
489,3,1,1490,35000,"AdityaNagar,Hafeezpet"
490,3,3,2200,32000,"SRISAIRAMTowers,IndraReddyAlwynColony,Miyapur,NH"
491,2,2,1130,18000,Adibatla
492,3,2,1875,41000,Shaikpet
493,3,2,1275,13000,"GaghanPahad,RajendraNagar,OuterRingRoad"
494,3,2,1510,22000,"Hafeezpet,NH"
495,3,3,1800,30000,"KrishnaNagar,Yousufguda"
496,3,1,1500,12000,"Bachupally,OuterRingRoad"
497,2,2,1200,12000,Adibatla
498,2,1,1100,10000,"MallaReddyColony,Secunderabad"
499,3,1,1198,36000,"MantriCelestia,Gachibowli,OuterRingRoad"
500,2,2,1500,12000,"BuddhaNagarColony,Boduppal"
501,2,1,850,25000,Mehdipatnam
502,2,1,850,28000,Mehdipatnam
503,2,1,600,15000,
504,3,2,1600,15000,DrA.S.RaoNagar
505,2,1,1300,12000,"Bachupally,OuterRingRoad"
506,3,3,2400,30000,Marredpally
507,3,2,1660,18000,"Boduppal,NH"
508,2,2,1150,14000,Nizampet
509,3,1,1620,15000,"FortView,Hydershakote,Bandlaguda,ChevellaRoad"
510,2,1,850,28000,Mehdipatnam
511,3,2,1400,18000,Nagole
512,2,1,850,30000,Hakimpet-Hyderabad
513,3,1,1375,22000,"QuadriHappyHomesParadise,Amberpet"
514,2,2,1125,19000,Gajularamaram
515,3,1,1675,30000,"Ameerpet,NH"
516,3,2,1600,18000,"Rasoolpura,MahatmaGandhiRoad"
517,3,2,1550,23000,KPHBColony
518,3,1,1834,42000,"Narsingi,OuterRingRoad"
519,3,3,2000,24000,"Pocharam,NH"
520,3,2,1800,14000,"Boduppal,NH"
521,3,2,1600,16000,"Chandanagar,NH"
522,3,2,1400,25000,"RaghavendraColony,NH"
523,3,2,1400,21500,Puppalaguda
524,3,2,1600,41000,"MyHomeAvatar,Narsingi,OuterRingRoad"
525,2,2,1162,30000,"AliensFastTrack,Madhapur"
526,2,3,1461,23000,"KKRsFountainhead,Miyapur,NH"
527,3,3,2358,35000,"PearlCelestial,Kokapet,OuterRingRoad"
528,2,2,1100,12000,militarydairyfarmrd
529,2,1,1150,15000,"SkandaSrinivasam,Isnapur,OuterRingRoad"
530,3,2,1477,19000,"Madinaguda,Hafeezpet,NH"
531,3,2,2260,50000,"GreenGrace,Gachibowli,OuterRingRoad"
532,2,2,1205,22000,"VazhraaNirmaanPushpak,MadhuraNagar-Nizampet"
533,2,2,600,16000,Papulguda
534,2,2,1360,18000,HumayunNagar
535,2,2,1200,23000,"PadmaraoNagar,Hyderabad-KarimnagarHighway"
536,3,1,1200,17000,"NewBowenpally,NH"
537,3,4,1961,45000,"Punjagutta,NH"
538,3,2,1400,25000,"Manikonda,OuterRingRoad"
539,3,2,1300,22000,"ShankaraKranthiApartment,Kavadiguda,NH"
540,3,2,1450,21000,Shaikpet
541,3,1,1711,33000,"ITHeights,KhajaGuda,OuterRingRoad"
542,3,2,1600,25000,"HimayathNagar,NH"
543,3,1,2540,45000,"Narsingi,OuterRingRoad"
544,3,2,1400,17500,"SunCity,Bandlaguda,ChevellaRoad"
545,3,2,1670,25000,"Upparpally,HyderabadExpressway"
546,2,2,1314,30000,"Narsingi,OuterRingRoad"
547,3,2,2150,42000,"TheLegendSomajigudaI,Somajiguda,NH"
548,3,2,1500,35000,ShivamRd
549,2,1,900,26000,Hakimpet-Hyderabad
550,3,2,2200,30000,"Miyapur,NH"
551,3,2,2540,45000,"NCCUrbanOne,Narsingi,OuterRingRoad"
552,3,2,1715,28000,"Habsiguda,NH"
553,2,1,1314,31000,"MyHomeAvatar,Narsingi,OuterRingRoad"
554,2,1,1314,30000,"MyHomeAvatar,Narsingi,OuterRingRoad"
555,2,1,1350,15000,"Bandlaguda,Nagole,SrisailamHighway"
556,4,2,2000,35000,KPHBRoad
557,3,2,1600,22000,Gopanapalli
558,3,2,1530,25000,"KukatpallyHousingBoardColony,NH"
559,2,2,1300,13000,"Ramanthapur,NH"
560,2,2,1300,15000,RahatNagar-Amberpet
561,2,2,1000,14000,"RadhaKrishnaNagar-Attapur,Attapur"
562,3,3,2100,27000,"SMRSartajPlaza,Bowenpally"
563,3,2,1834,34000,"MyHomeAvatar,Narsingi,OuterRingRoad"
564,3,2,1665,20000,Puppalaguda
565,2,3,1135,27000,"JayaNagar,Kukatpally,NH"
566,2,1,1000,11000,Gajularamaram
567,3,1,1350,20000,Attapur
568,3,2,1400,25000,"Ameerpet,NH"
569,3,2,1800,38000,"AparnaSarovar,Nalagantla"
570,2,1,850,28000,Mehdipatnam
571,2,1,1210,15000,"Bachupally,OuterRingRoad"
572,2,1,1500,25000,"BasheerBagh,NH"
573,3,2,1614,16000,Gajularamaram
574,3,1,1650,30000,"SMREmpire,WestMarredpally"
575,3,1,1477,8500,JanapriyaLakefront
576,3,2,1416,16000,Nizampet
577,2,2,1477,13500,"VictoryEstates,Jeedimetla,NH"
578,2,1,870,12500,"VasathiAnandi,Appajunction"
579,2,1,1250,41000,"SMRVinayTechnopolis,Madhapur"
580,2,2,1100,11000,"Pocharam,NH"
581,3,2,1800,18000,Nizampet
582,3,2,1800,24000,"Narsingi,OuterRingRoad"
583,2,2,1150,27000,"MuppasAlankrita,Narsingi,OuterRingRoad"
584,2,2,1080,9000,Gajularamaram
585,4,2,2600,21000,Trimulgherry
586,3,3,1345,19000,"RahejaVistas,Nacharam"
587,2,2,1400,24000,"UshodayaEnclave,Hafeezpet"
588,3,2,1625,16500,Nizampet
589,2,2,1000,7000,Badangpet
590,3,2,1500,26000,"Erragadda,NH"
591,3,2,1625,16500,BandariLayout
592,4,2,2300,50000,"Domalguda,HimayathNagar,NH"
593,3,2,1860,42500,"VajrasJasmineCounty,Gachibowli,OuterRingRoad"
594,3,1,1575,50000,"AdityaEmpressTowers,Shaikpet"
595,3,2,1600,35000,"BanjaraHills,NH"
596,3,3,1435,20000,DrA.S.RaoNagar
597,3,3,1275,20000,Boiguda
598,3,2,2090,41000,"L&TSereneCounty,TelecomNagar,Gachibowli,OuterRingRoad"
599,3,1,2425,45000,"MeenakshiSkyLounge,BikshapathiNagar,Hafeezpet"
600,2,2,1000,22000,HitechCity
601,2,1,1200,25000,Madhapur
602,3,3,1550,28000,"DDColony,Amberpet"
603,3,2,1900,35000,"AdityaImperialHeights,Hafeezpet,NH"
604,2,1,850,10000,Attapur
605,3,2,1400,14000,Attapur
606,2,1,990,12000,Nizampet
607,2,1,1477,13000,PragathiNagar
608,2,1,1100,16000,"Chandanagar,NH"
609,2,2,975,16000,"Lingampally-Serilingampally,NH"
610,1,2,1477,6500,"BanjaraHills,NH"
611,3,3,1900,38000,"LodhaMeridian,KukatpallyHousingBoardColony,NH"
612,3,2,1500,45000,MasabTank
613,1,1,1477,12500,Madhapur
614,2,1,1100,15000,"Madinaguda,Hafeezpet,NH"
615,3,2,1750,23000,"AnjaniTowers,Ameerpet,NH"
616,3,3,1600,25000,Himayatnagar
617,3,3,2000,20000,BandlagudaJagir
618,3,3,1715,21000,MIGHColony-Mehdipatnam
619,3,2,1834,38000,"Narsingi,OuterRingRoad"
620,2,1,1350,16000,"Manikonda,OuterRingRoad"
621,3,1,1560,25000,NewMallepally
622,3,2,1477,30000,Madhapur
623,2,2,1100,18000,"HimayathNagar,NH"
624,3,2,1600,36000,"MyHomeVihanga,Gachibowli,OuterRingRoad"
625,2,2,1025,15400,Begumpet
626,1,2,1477,7000,New
627,3,2,1800,19000,PanjaguttaColony
628,3,3,1800,22000,Attapur
629,3,2,1477,25000,Hitex
630,3,2,2600,41000,"BanjaraHills,NH"
631,2,1,1477,16000,AnjaneyanagarColony
632,2,1,1477,12500,"SanathNagar,NH"
633,3,2,1200,12000,Neredmet
634,3,1,1198,41000,"MantriCelestia,Gachibowli,OuterRingRoad"
635,3,3,1602,30000,"MJRGoldenEnclave,Madhapur"
636,2,1,1125,11000,"LakshmiNagarColony-HanumanNagarColony,Secunderabad"
637,3,2,2000,25000,"Barkatpura,Kachiguda,NH"
638,3,2,2500,48000,"JayabheriOrangeCounty,GachibowliCUC,OuterRingRoad"
639,2,1,1000,15000,"Gachibowli,OuterRingRoad"
640,2,2,1477,13000,Alwal
641,2,1,1477,21000,"RaghavendraColony,NH"
642,3,2,1685,30000,"MyHomesJewel,Miyapur,NH"
643,3,2,1550,28000,"YellaReddyGuda,NH"
644,3,2,1477,8000,"YellaReddyGuda,NH"
645,3,2,2100,30000,"AshokNagar,HimayathNagar"
646,3,2,1100,12000,"Malakpet,NH"
647,3,1,1850,35000,"HimayathNagar,NH"
648,2,1,1100,17500,Kondapur
649,3,2,2500,47000,"MeenakshisRoyalCourt,BanjaraHills,NH"
650,2,2,1040,9500,
651,2,2,1364,28000,"JainsCarltonCreek,Gachibowli,OuterRingRoad"
652,2,2,1050,17000,"ManikondaSociety,Manikonda,OuterRingRoad"
653,3,2,1750,18000,"Manikonda,OuterRingRoad"
654,2,2,1050,20000,"KukatpallyHousingBoardColony,NH"
655,2,2,1100,15000,Chikkadpally
656,2,2,1100,18000,"VasaviResidency,AnandNagar-Khairatabad,NH"
657,1,1,1477,9000,Whitefields
658,2,2,1300,12000,RahatNagar-Amberpet
659,2,1,1300,12000,"OldAlwal,Secunderabad,SiddipetRoad"
660,2,1,1200,11500,"Chandanagar,NH"
661,2,2,1200,15600,"KukatpallyHousingBoardColony,NH"
662,2,2,1477,9000,NewMaruthiNagar
663,3,1,1400,18000,FriendsColony
664,1,1,1477,8300,Vidyanagar
665,2,1,1060,7000,DrA.S.RaoNagar
666,2,2,1100,6500,"Boduppal,NH"
667,2,1,1175,18500,"Manikonda,OuterRingRoad"
668,2,1,1800,11000,"Alkapuri,LBNagar,NH"
669,1,2,1477,7000,Vidyanagar
670,2,2,1100,18000,"Kukatpally,NH"
671,2,2,1477,11000,FairLands
672,2,1,1200,13000,SuchitraCircle
673,2,2,1477,9500,"Uppal,NH"
674,2,2,1200,15000,JubileeHills
675,2,2,600,5500,Nagole
676,3,1,1200,22000,Road#
677,2,2,1477,17000,"VivekanandaNagar,Kukatpally,NH"
678,3,2,1200,13000,"Bachupally,OuterRingRoad"
679,3,2,1525,25000,"Miyapur,NH"
680,2,3,950,15000,Attapur
681,3,2,1665,35000,Kondapur
682,3,2,1575,20000,Kompally
683,2,1,1300,17000,Gachibowliphase
684,2,2,1300,17000,"Gachibowli,OuterRingRoad"
685,2,2,1200,7000,Sangareddy
686,2,1,1050,15000,MasabTank
687,2,2,975,28000,"KattelMandi,Abids"
688,3,2,1521,18000,"Miyapur,NH"
689,2,1,1470,25000,Attapur
690,3,1,1650,30000,"GopalnagarSociety,Hafeezpet"
691,2,2,1360,35000,"Kukatpally,NH"
692,2,1,1138,20000,"GaganMahal,HimayathNagar,NH"
693,2,2,1050,16000,"SaiNagar-Komapally,NH"
694,3,2,1500,15000,"SuryaNagarColony,Secunderabad,MedchalRoad"
695,2,1,1000,7500,Meerpet
696,2,1,1470,25000,Attapur
697,3,2,1477,20000,RajarajeshwariNagar
698,2,2,1220,27000,MasabTank
699,2,2,950,16000,Nizampet
700,2,2,1150,33000,JagruthiColony
701,3,2,2100,50000,"Gachibowli,OuterRingRoad"
702,2,2,1000,20000,Adibatla
703,1,2,1477,9000,Allwyn
704,3,1,1230,35000,"Gachibowli,OuterRingRoad"
705,2,1,1477,25000,FinancialDistrict
706,3,2,1500,37000,KakatiyaHillsmadhapur
707,2,2,910,20500,"OldNallakunta,NewNallakunta"
708,2,2,1300,10000,"SunCity,Bandlaguda,ChevellaRoad"
709,2,1,700,7500,Narapally
710,3,2,1477,8000,Medipally
711,3,1,1477,6500,KPHB
712,2,2,950,6000,BoduppalDwarakanagar
713,2,2,800,7000,Balapur
714,2,1,950,18000,Narayanagudamainroad
715,2,2,1800,15000,FortViewColony
716,3,1,1200,18000,Hyderabad
717,2,1,1000,21000,Begumpet
718,2,2,1519,25000,SuchitraCircle
719,3,2,1700,22000,"DilsukhNagar,NH"
720,3,2,1570,24000,AnjaneyanagarColonymoosapet
721,2,1,1350,20000,GandhiNagar-Boiguda
722,2,2,1250,6000,Karimnagar
723,3,2,1477,8000,"Hafeezpet,NH"
724,3,2,1600,20000,Hyderabad
725,3,2,1500,35000,"AparnaHillparkSilveroaks,Chandanagar,NH"
726,3,2,1440,22000,Mettuguda
727,3,3,1750,27000,"Kaithalapur,Borabanda"
728,2,2,1000,15000,ToliChowki
729,2,1,1700,9000,Hyderabad
730,3,2,1040,15200,ToliChowki
731,3,2,1385,12000,Nagole
732,2,2,900,9000,BandlagudaJagir
733,2,1,950,10000,Sainikpuri
734,3,1,2100,18000,"HyderShahKote,ChevellaRoad"
735,3,1,1350,16000,"RamnagarGundu,Adikmet,NH"
736,2,2,1314,34000,"MyHomeAvatar,Narsingi,OuterRingRoad"
737,3,2,1600,30000,"TanashaNagar,OuterRingRoad"
738,3,2,2000,18500,Bowenpally
739,2,2,1200,20000,SDRoad
740,3,2,1740,15000,"Dullapally,NH"
741,3,2,1800,25000,"Kukatpally,NH"
742,2,2,900,11000,VidyutNagar
743,2,2,1477,8000,Aminpur
744,2,2,1182,25000,Chikkadpally
745,2,2,875,9500,Meerpet
746,1,2,1477,25000,"BanjaraHills,NH"
747,2,2,1300,10000,Attapur
748,3,1,1400,13000,"Tellapur,OuterRingRoad"
749,2,2,1250,27000,"Gachibowli,OuterRingRoad"
750,3,2,1500,15000,"Vanasthalipuram,NH"
751,2,2,750,10000,BandlagudaJagir
752,2,1,750,10000,"HyderShahKote,ChevellaRoad"
753,3,2,1685,38000,"Gachibowli,OuterRingRoad"
754,2,1,1000,20500,"JalvayuTower,GandhiNagar,Kavadiguda,NH"
755,2,2,1200,14000,"Chandanagar,NH"
756,2,1,1477,22000,"RedHills,Lakdikapul,NH"
757,3,2,1500,16000,Nizampet
758,3,2,1740,38000,"FinancialDistrict,NanakramGuda"
759,3,2,1500,20000,BrindavanColony-ToliChowki
760,2,2,1275,30000,"RaghavendraColony,NH"
761,2,2,950,23000,"HimayathNagar,NH"
762,2,2,1150,13000,Nizampet
763,2,2,1200,25000,Kondapur
764,2,1,1000,15000,NewNallakunta
765,3,2,1200,20000,BrindavanColony-ToliChowki
766,2,2,1200,14000,NewNallakunta
767,3,2,1600,26000,"SanjeevaReddyNagar,NH"
768,3,2,1600,17000,"ArvindNagarColony,ToliChowki"
769,2,2,1477,15000,Singapore
770,3,2,1395,15000,Attapur
771,2,2,1258,18000,"Kukatpally,NH"
772,1,2,1477,14000,Kondapur
773,2,2,1000,13000,ToliChowki
774,2,2,1000,15000,Mehdipatnam
775,2,2,200,8500,OUColony
776,3,2,1500,25000,"Manikonda,OuterRingRoad"
777,2,2,1250,16500,Mitapur
778,2,2,1200,15500,NizampetRoad
779,2,3,1000,9000,"Safilguda,Secunderabad"
780,3,1,1750,19500,"HyderNagar,NH"
781,2,2,1050,16500,TulasinagarH.M.Thillsjntukphb
782,3,2,1500,15000,KanchanBagh
783,3,3,1600,27000,"Kukatpally,NH"
784,3,2,1800,44000,Himayatnagar
785,2,2,1205,22000,"Narsingi,OuterRingRoad"
786,3,2,1400,18000,AsifNagar
787,2,2,1314,30000,"Narsingi,OuterRingRoad"
788,3,2,1477,20000,
789,2,1,1050,6000,Sangareddy
790,3,2,1477,20000,Miyapurgroundfloor
791,3,2,1225,15000,FortViewColony
792,3,3,1860,45000,"FinancialDistrict,NanakramGuda"
793,2,2,1000,9000,"SriSaiVarshithResidency,Beeramguda,RamachandraPuram,NH"
794,2,3,1150,19500,Hyderabad
795,3,2,1477,5000,"Quthbullapur,NH"
796,2,1,1000,9000,"Poojithaenclave,Bachupally"
797,3,2,1520,25000,"Hafeezpet,NH"
799,2,1,820,10000,PadmanagarPhase
800,3,2,1500,25000,Attapur
801,3,1,1550,13000,Sainikpuri
802,3,1,1685,37500,"Gachibowli,OuterRingRoad"
803,2,2,800,20000,BanjaraHillsRoadNo
804,2,2,1200,20000,Sahibabad
805,3,1,1700,18000,"MadinaColony,Falaknuma"
806,2,1,1314,29000,"MyHomeAvatar,Puppalaguda,Narsingi,Gachibowli"
807,3,2,1800,20000,TollyChowki
808,2,2,950,16000,HimayatNagar
809,2,2,1200,13500,MehdipatanmPadmanabhaNagar
810,2,2,1000,11000,"MoulaAli,MoulaAliRoad"
811,2,2,1000,12000,"RajendraNagar,OuterRingRoad"
812,3,2,1400,17500,Bandlaguda
813,2,2,1080,13000,BandamKommu
814,3,2,1477,35000,Kondapur
815,2,2,1800,10000,"Beeramguda,RamachandraPuram,NH"
816,2,2,1312,30000,"Narsingi,OuterRingRoad"
817,3,1,1620,22000,"DeepthisriNagar,NH"
818,2,1,975,16000,TollyChowki
819,3,2,1200,15000,Nallakunta
820,3,2,1520,10000,"SaiHomes,Peerzadiguda"
821,2,1,950,18500,"Chintal,NH"
822,3,2,1400,15000,"DefenceColony,Secunderabad"
823,2,3,1400,22000,VinayakNagar
824,2,3,870,15000,"MoulaAli,MoulaAliRoad"
825,3,1,1450,17000,FriendsColony
826,2,2,1200,14000,ToliChowki
827,2,2,800,8500,Meerpet
828,3,2,1870,41000,"Gachibowli,OuterRingRoad"
829,2,2,900,30000,"MythriNagar,Hafeezpet,NH"
830,2,2,1145,13000,"Secunderabad,RashtrapatiROAd"
831,3,3,1950,50000,"BanjaraHills,NH"
832,3,2,1200,25000,"Khairatabad,NH"
833,3,2,1568,25000,Appajunction
834,3,2,1800,35000,"Khairatabad,NH"
835,2,2,1000,6500,Karimnagar
836,2,2,500,8000,rtccrossroad
837,1,2,1477,18000,Gopanapalli
838,2,2,1045,20000,MIGHColony-Mehdipatnam
839,1,1,1477,8700,Santosh
840,2,2,1350,15000,Attapur
841,3,2,2560,38000,Kompally
842,4,1,3000,41000,
843,3,2,1800,41000,"BanjaraHills,NH"
844,3,2,2200,30000,"Manikonda,OuterRingRoad"
845,3,2,1800,37000,"Gachibowli,OuterRingRoad"
846,2,2,1350,15000,"LBNagar,NH"
847,4,2,2400,38000,"Ameerpet,NH"
848,1,2,1477,7500,"Uppal,NH"
849,2,1,1200,12000,"Uppal,NH"
850,2,2,1370,23000,"Kokapet,OuterRingRoad"
851,3,2,1477,20000,Manikonda
852,3,2,1500,18000,"AlkapurTownship,Manikonda,OuterRingRoad"
853,1,2,1477,10000,NalandaNagar
854,3,2,1400,16000,NewNallakunta
855,3,2,1280,35000,"CMCEnclave,Kondapur"
856,2,2,1200,24000,Kondapur
857,2,1,1477,14500,"AarambhTownship,Chandanagar,NH"
858,1,2,1477,9000,"Punjagutta,NH"
859,2,2,1477,13000,Nizampet
860,1,1,1477,7000,Vidyanagar
861,3,1,1750,17000,"Madinaguda,Hafeezpet,NH"
862,2,1,1000,18000,"VenkataRamanaColony,Nagole"
863,3,2,1980,32000,Kondapur
864,1,2,1477,7000,"Ameerpet,NH"
865,2,3,900,16500,Begumpet
866,1,2,1477,6500,Bachupally
867,1,2,1477,7500,"Beeramguda,RamachandraPuram,NH"
868,2,2,1008,10000,"Upparpally,HyderabadExpressway"
869,2,1,1200,26000,"SrinijaGayatriHills,Gachibowli,OuterRingRoad"
870,3,1,1350,15000,Nizampet
871,2,2,1000,11000,"TheLegendVittalwadi,Narayanguda"
872,2,2,1200,30000,"PJanardhanReddyNagar,Gachibowli,OuterRingRoad"
873,2,3,1477,8500,Meerpet
874,3,2,1710,30000,"SaptagiriColony,Kukatpally,NH"
875,2,1,1000,11000,"LBNagar,NH"
876,3,2,1250,23000,"Kukatpally,NH"
877,2,1,1314,30000,"MyHomeAvatar,Narsingi,OuterRingRoad"
878,2,1,1050,15000,MasabTank
879,2,2,1200,18000,Nizampet
880,2,1,1200,12000,"RajivGandhiNagarColony,Nizampet"
881,2,2,1050,14000,"GandhiNagar,Kavadiguda,NH"
882,1,2,1477,6000,Lalaguda
883,2,2,1477,22000,"Yousufguda,NH"
884,3,2,1680,21000,"Narsingi,OuterRingRoad"
885,2,1,1477,8000,Hyderabad
886,2,3,2000,15000,"LBNagar,NH"
887,3,2,1900,25000,"Punjagutta,NH"
888,2,2,1000,10000,SyedNagar
889,2,3,1300,15000,Hyderaguda-Attapur
890,2,2,1160,12000,Gajularamara
891,3,2,1500,26000,SriNagarColony
892,2,2,1250,7000,Ramakrishnapuram-Neredmet
893,2,2,1250,22000,"SrinijaGayatriHills,Gachibowli,OuterRingRoad"
894,2,2,1160,12000,"DilsukhNagar,NH"
895,2,2,1100,9000,Alwal
896,2,2,960,9000,"SriVasaviSivaNagarColony,Secunderabad"
897,2,1,900,5000,MaruthiNagar
898,3,2,1650,19500,Attapur
899,3,2,2000,15000,ECIL
900,2,1,1400,25000,"Manikonda,OuterRingRoad"
901,3,2,1400,20000,"Kukatpally,NH"
902,2,1,890,8500,ChandaNagar
903,3,2,1525,7500,Gajularamaram
904,3,2,2894,50000,"PJanardhanReddyNagar,Gachibowli,OuterRingRoad"
905,2,1,1314,34000,NanakramGuda
906,2,2,1141,23000,Kondapur
907,2,1,850,8500,"MuradNagar,LalDarwaza,FalaknumaRoad"
908,2,2,1477,15000,Attapur
909,2,2,1050,12000,TejaColony
910,1,2,1477,8000,BhagyaNagarColony
911,3,2,1477,15000,PragathiNagar
912,3,1,1477,21000,"Kukatpally,NH"
913,2,2,1400,19000,SuchitraCircle
914,2,2,1115,15000,Hyderabad
915,1,2,1477,22000,"QaderAliApartment,Malakpet,NH"
916,1,2,1477,15000,SriRamnagar-BlockC
917,2,1,1477,20000,"MadhuraNagar,NH"
918,3,2,1600,27000,"AparnaCyberZon,Nallagandla,Serilingampally"
919,3,2,2500,38000,Hyderguda
920,3,1,1477,30000,RainbowVistasRockGardens
921,3,2,1600,35000,"PatrikaNagar,HitechCity"
922,2,2,1150,13500,"AkshayHomes,Nagole"
923,2,2,1120,15000,"Moosarambagh,NH"
924,3,2,1458,10000,"Hayathnagar,NH"
925,2,2,1230,15000,"GiridhariMurari,Appajunction"
926,1,1,1477,9500,Bachupally
927,2,2,1080,12000,DrA.S.RaoNagar
928,3,3,3000,49000,"MountMeru,BanjaraHills,NH"
929,2,2,980,14000,"DurgabaiDeshmukhColony,Amberpet"
930,3,2,1350,20000,Shaikpet
931,3,1,1436,23000,"ShantaSriramSonata,NewNallakunta"
932,3,2,1510,15000,"ARKHomes,Bolarum,MedchalRoad"
933,3,2,1800,23000,"HyderNagar,NH"
934,3,2,2400,22000,OsmanNagar
935,3,3,2000,41000,Begumpet
936,3,3,1440,22000,"OldMalakpet,NH"
937,3,2,1340,16500,Aminpur
938,3,2,950,15000,"GulshanColony,QutubShahiTombs"
939,3,2,2600,35000,"Stonehenge,Appajunction"
940,1,1,1477,12500,Toli
941,3,1,1900,20000,"GulshanColony,QutubShahiTombs"
942,1,1,1477,10500,"Hafeezpet,NH"
943,2,2,1050,16000,Attapur
944,2,2,850,7500,Nagaram
945,3,2,2700,48000,"LancoHills,Manikonda,OuterRingRoad"
946,2,1,850,11000,hydernagar
947,3,3,1900,20000,Nizampet
948,3,2,1200,15000,NewNallakunta
949,3,2,1500,14000,"JanapriyaArcadia,Alwal"
950,2,1,750,12000,"Bachupally,OuterRingRoad"
951,2,2,1215,15000,Aminpur
952,2,2,1245,15000,"NSKBlissMeadows,Madinaguda,Hafeezpet,NH"
953,4,2,2311,45000,"JainsCarltonCreek,Gachibowli,OuterRingRoad"
954,3,1,2240,23000,"Tellapur,OuterRingRoad"
955,2,2,1350,14000,Nizampet
956,3,2,1550,41000,Narayanguda
957,2,2,1300,25000,MotiNagar
958,3,3,2160,36000,"SanathNagar,NH"
959,3,2,1630,16000,"SVBrindavanam,Boduppal,NH"
960,1,1,1477,12000,"Ameerpet,NH"
961,2,2,780,12500,Kothapet
962,2,2,1500,10000,DrA.S.RaoNagar
963,3,2,1650,15000,"Miyapur,NH"
964,3,2,1625,20500,"MayflowerHeights,Mallapur"
965,3,2,1414,25000,"RDBCoconutGrove,Miyapur,NH"
966,2,3,1200,14500,SuchitraCircle
967,2,1,1000,15000,"LangarHouseSouth,HyderabadExpressway"
968,3,2,1335,32000,HitechCity
969,1,1,1477,20000,ChitrapuriColony
970,2,2,1200,32000,"SKWonders,Kondapur"
971,2,2,2200,13000,ToliChowki
972,3,1,1850,20000,Nizampet
973,2,2,1000,9500,Vayupuri
974,3,2,1650,35000,"TheLegend,HimayathNagar,NH"
975,2,1,1000,9000,"Saket,Secunderabad"
976,3,2,1800,16000,"OldMalakpet,NH"
977,3,2,1735,30000,"KeesaraHomes,Domalguda,HimayathNagar,NH"
978,3,2,1500,16000,"Neknampur,Manikonda,OuterRingRoad"
979,2,1,1048,44000,"GolfEdge,GachibowliCUC,OuterRingRoad"
980,3,2,2187,50000,"JainsRaviGayathriHeights,HitechCity"
981,3,2,1600,22000,"Miyapur,NH"
982,2,1,1000,14000,Attapur
983,2,2,1477,15000,ToliChowki
984,1,1,1477,6000,"Ramanthapur,NH"
985,3,2,1698,15000,"Upparpally,HyderabadExpressway"
986,3,2,1800,33000,"AshokNagar,HimayathNagar"
987,2,1,1250,12000,"VenkataSaiEnclave,Nizampet"
988,1,2,1477,12000,Langar
989,4,3,3000,41000,"Kokapet,OuterRingRoad"
990,2,1,1000,12000,OldBowenpally
991,2,1,1000,16000,JawaharNagar-Chikkadpally
992,2,1,1050,18000,"KalyanNagar,NewMalakpet,NH"
993,2,1,1000,11000,"HyderShahKote,ChevellaRoad"
994,2,1,1350,12000,"SunCity,Bandlaguda,ChevellaRoad"
995,3,2,1450,18000,"KukatpallyHousingBoardColony,NH"
996,3,1,1100,14000,ToliChowki
997,1,2,1477,11000,
998,3,2,1755,29000,"SriHemadurgaSivahills,Puppalaguda"
999,2,2,1300,13000,"AshokNagar-RamachandraPuram,NH"
1000,2,2,1477,18000,
1001,1,1,1477,7500,
1002,3,1,1500,22000,"HimaShiva,NewNallakunta"
1003,3,3,2005,45000,"Shanthinikethan,Whitefields"
1004,3,2,1800,26000,"ChitrapuriColony,Manikonda,OuterRingRoad"
1005,3,4,1600,27000,"Barkatpura,Kachiguda,NH"
1006,4,1,2000,23000,"AzizBaghColony,ToliChowki"
1007,3,2,1650,18500,"AmulyaFortune,Miyapur,NH"
1008,2,2,1000,20000,RaviColony
1009,3,2,1453,17000,"AakritiHoneydew,Tellapur,OuterRingRoad"
1010,3,2,1477,8500,Manikonda
1011,1,2,1477,10000,
1012,2,2,700,17000,"Nallagandla,Serilingampally"
1013,2,1,1000,18000,Mehdipatnam
1014,3,1,1400,16000,"PrajapatiElite,Miyapur,NH"
1015,2,2,1125,15000,BandlagudaJagir
1016,2,2,950,10000,"OldMalakpet,NH"
1017,2,2,1100,8000,Aminpur
1018,3,1,1490,30000,"AdityaImperialHeights,Hafeezpet,NH"
1019,2,2,1200,27000,"ShreyaElegance,Manikonda,OuterRingRoad"
1020,2,2,1200,10000,"SunCity,Bandlaguda,ChevellaRoad"
1021,1,1,1477,15000,"RedHills,Lakdikapul,NH"
1022,3,2,2060,20000,"Gachibowli,OuterRingRoad"
1023,3,3,1250,13000,"Upparpally,HyderabadExpressway"
1024,2,2,800,11000,"Nallagandla,Serilingampally"
1025,2,2,800,10000,"RedHills,Lakdikapul,NH"
1026,1,2,1477,7000,Vidyanagar
1027,2,3,1000,8000,"Chaitanyapuri,Kothapet"
1028,2,2,900,10000,"Kukatpally,NH"
1029,1,2,1477,12000,"BanjaraHills,NH"
1030,3,4,1600,20000,"BanjaraHills,NH"
1031,3,2,1715,21000,Mehdipatnam
1032,3,2,2000,15000,"Tellapur,OuterRingRoad"
1033,1,2,1477,7500,
1034,2,2,1000,10000,"Kukatpally,NH"
1035,2,2,1200,15000,SantoshNagar-Mehdipatnam
1036,2,2,1000,11000,"Malakpet,NH"
1037,2,2,1100,14500,"Madinaguda,Hafeezpet,NH"
1038,2,2,1150,7500,Karmanghat
1039,3,2,1550,26000,"BanjaraHills,NH"
1040,1,2,1477,5000,ChattaBazaar
1041,2,2,1477,8000,"Neknampur,Manikonda,OuterRingRoad"
1042,3,2,1375,20000,"Manikonda,OuterRingRoad"
1043,2,2,1000,12000,Nizampet
1044,2,2,950,14000,KalyanNagar-MotiNagar
1045,2,1,1000,7500,"Kukatpally,NH"
1046,2,2,2100,27000,"Gachibowli,OuterRingRoad"
1047,2,2,1000,11000,MotiNagar
1048,2,2,1100,18000,Puppalaguda
1049,2,2,1035,13500,"PragathiNagar,Kukatpally"
1050,1,1,1477,14000,
1051,2,1,1300,13000,"Manikonda,OuterRingRoad"
1052,3,2,2800,41000,"BanjaraHills,NH"
1053,3,2,940,11000,JanapriyaUtopia
1054,3,2,1690,15000,"Chandanagar,NH"
1055,2,1,900,16000,"Ameerpet,NH"
1056,3,3,1500,15000,SuchitraCircle
1057,2,1,1300,16000,"BanjaraHills,NH"
1058,2,1,750,15000,MasabTank
1059,3,3,1570,35000,"VenkataSaiResidency,Kondapur"
1060,2,1,1000,8500,"DilsukhNagar,NH"
1061,3,2,1700,27000,Madhapur
1062,1,2,1477,10000,MotiNagarRWA
1063,3,1,1400,18000,"BanjaraHills,NH"
1064,2,2,1000,15000,HumayunNagar
1065,1,3,1477,11000,
1066,3,1,1800,20000,ToliChowki
1067,3,1,2000,20000,Puppalaguda
1068,2,2,1100,20000,"Manikonda,OuterRingRoad"
1069,3,1,1200,9250,Bowenpally
1070,2,2,1200,14000,"JayaNagar,Kukatpally,NH"
1071,2,1,1100,10000,SivajiNagar-Chandanagar
1072,3,3,1265,16000,"ArmsburgMySpace,Kompally"
1073,2,1,1350,12000,"SunCity,Bandlaguda,ChevellaRoad"
1074,2,2,1100,14000,"Kukatpally,NH"
1075,3,2,2000,18000,"Manikonda,OuterRingRoad"
1076,3,1,1650,16000,"Manikonda,OuterRingRoad"
1077,2,1,1430,7500,"Hydershakote,Bandlaguda,ChevellaRoad"
1078,2,2,1280,13500,BandariLayout
1079,1,1,1477,8000,
1080,3,1,1200,16000,Amberpet
1081,2,1,850,13000,"KukatpallyHousingBoardColony,NH"
1082,2,2,1400,22000,Kondapur
1083,1,2,1477,10000,Narsingi
1084,2,1,1150,14500,HumayunNagar
1085,2,1,900,20000,MotiNagar
1086,3,1,1400,22000,"AmruthaAvenue,Manikonda,OuterRingRoad"
1087,2,2,980,15500,Narayanguda
1088,2,1,850,12000,MotiNagar
1089,2,1,915,9000,Neredmet
1090,3,2,2600,30000,Kondapur
1091,2,1,1200,23000,"Domalguda,HimayathNagar,NH"
1092,2,2,1200,8000,"Bachupally,OuterRingRoad"
1093,2,4,1150,14000,"Kachiguda,NH"
1094,2,1,1000,11000,"LBNagar,NH"
1095,3,1,1855,35000,HitechCity
1096,1,2,1477,5000,Hyderaguda-Attapur
1097,2,1,1477,10000,Hasmathpet
1098,2,1,1477,12000,"Miyapur,NH"
1099,2,2,1314,28000,"Gachibowli,OuterRingRoad"
1100,1,2,1477,10000,"Hafeezpet,NH"
1101,2,2,980,15000,"Madinaguda,Hafeezpet,NH"
1102,3,2,1700,20000,Shaikpet
1103,2,1,1275,18000,"KukatpallyHousingBoardColony,NH"
1104,1,1,1477,12500,INCORBonsaiHomes
1105,1,2,1477,6000,Begumpet
1106,2,2,1050,9000,"SriSaiVarshithResidency,Beeramguda,RamachandraPuram,NH"
1107,2,4,1750,22000,Qcity
1108,2,1,970,15000,KPHBRoad
1109,2,1,1250,20000,Kondapur
1110,2,1,1477,12000,GulistanApartments
1111,3,1,1300,13000,"SalarJungColony,ToliChowki"
1112,2,2,1260,16000,Tarnaka
1113,2,2,1080,13000,BandamKommu
1114,2,1,1150,15000,"ParkStone,Attapur"
1115,2,2,1314,25000,"Narsingi,OuterRingRoad"
1116,2,1,1000,16500,"Somajiguda,NH"
1117,2,2,925,5000,"SaiDarshan,HMTnagar,Secunderabad"
1118,3,1,1690,41000,"MyHomeVihanga,Gachibowli,OuterRingRoad"
1119,3,2,1035,20000,"JainsAmrutha,VengalRaoNagar,NH"
1120,2,2,1200,10000,"SBCPristinePlace,Gajularamaram"
1121,2,2,1200,10000,UppalMetro
1122,1,1,1477,11000,"Yousufguda,NH"
1123,2,1,1314,30000,"Gachibowli,OuterRingRoad"
1124,3,2,1380,35000,"JainsCarltonCreek,Gachibowli,OuterRingRoad"
1125,2,1,1125,21000,"RamkyOneMarvel,Kukatpally,NH"
1126,3,2,1580,45000,"GreenTerraces,Whitefields"
1127,1,1,1477,13000,ChhotaAnjaiahNagar
1128,1,1,1477,7500,BharatNagar
1129,1,1,1477,13000,ChhotaAnjaiahNagar
1130,3,1,1580,30000,"RainbowVistasRockGardens,HitechCity"
1131,1,1,1477,11000,"KukatpallyHousingBoardColony,NH"
1132,3,2,1800,35000,"AdiEmerald,Kondapur"
1133,3,2,1756,26000,"TulipResidency,Kondapur"
1134,2,1,1000,11000,VasaviNagar-Karkhana
1135,3,2,1500,20000,Tarnaka
1136,2,2,1050,15000,"PragathiNagar,Kukatpally"
1137,3,2,1700,24000,"SrinagarColony,OldMalakpet,NH"
1138,2,1,880,15000,"HappyHomesColony,HyderabadExpressway"
1139,2,1,1325,18000,SuchitraCircle
1140,3,2,2500,25000,"SrinagarColony,OldMalakpet,NH"
1141,3,2,1250,23000,"AshokNagar,HimayathNagar"
1142,3,2,1800,32000,"AdityaDSRLakeSide,MadhavaReddyColony,Gachibowli"
1143,1,2,1477,8000,"Beeramguda,RamachandraPuram,NH"
1144,3,2,1477,8000,TelecomNagar
1145,1,1,1477,6000,ALEAP
1146,1,2,1477,11000,Kondapur
1147,2,2,1200,14000,Attapur
1148,1,1,1477,14000,Kondapur
1149,1,1,1477,5000,"Uppal,NH"
1150,2,2,900,16000,NewAllapur
1151,2,2,1200,15000,"Punjagutta,NH"
1152,2,1,850,26000,"MantriCelestia,Gachibowli,OuterRingRoad"
1153,2,2,1100,14000,"Chandanagar,NH"
1154,2,1,1000,12000,JubileeHills
1155,3,2,1450,35000,"AdityaSunshine,HitechCity"
1156,3,2,1600,21000,"LakshmiRoyalCastle,Nallagandla,Serilingampally"
1157,2,1,1025,27000,"MantriCelestia,Gachibowli,OuterRingRoad"
1158,2,1,880,15000,"HappyHomesColony,HyderabadExpressway"
1159,2,1,1400,12000,"SunCity,Bandlaguda,ChevellaRoad"
1160,2,3,1000,10000,"SwathiPoojaHomes,DilsukhNagar,NH"
1161,3,1,1250,22000,"JanapriyaMetropolis,MotiNagar"
1162,3,2,1868,30000,"InduFortuneFieldsapartments,HitechCity"
1163,2,1,1200,20000,"Lingampally-Serilingampally,NH"
1164,3,3,1480,34000,"VertexPanache,Gachibowli,OuterRingRoad"
1165,1,1,1477,10500,"Lingampally-Serilingampally,NH"
1166,2,1,900,15000,KPHBRoad
1167,1,1,1477,10000,"Miyapur,NH"
1168,3,1,1515,14000,"PragathiNagar,Kukatpally"
1169,3,2,1500,16000,"Habsiguda,NH"
1170,2,2,1100,12000,"UmasAadyaandArhaMensions,Kukatpally,NH"
